{"cameraMode":{"drawMode":0,"name":"Shaded","section":"Shading Mode"},"sceneLighting":false,"audioPlay":false,"sceneViewState":{"m_AlwaysRefresh":false,"showFog":true,"showSkybox":false,"showFlares":true,"showImageEffects":true,"showParticleSystems":true,"showVisualEffectGraphs":true,"m_FxEnabled":true},"in2DMode":false,"pivot":{"x":-0.02850322425365448,"y":0.8183330297470093,"z":-0.038225412368774417},"rotation":{"x":-0.000003547550477378536,"y":-0.999998927116394,"z":0.00390985980629921,"w":-0.0008929629693739116},"size":1.6115881204605103,"orthographic":false}