{"cameraMode":{"drawMode":0,"name":"Shaded","section":"Shading Mode"},"sceneLighting":true,"audioPlay":false,"sceneViewState":{"m_AlwaysRefresh":false,"showFog":true,"showSkybox":true,"showFlares":true,"showImageEffects":true,"showParticleSystems":true,"showVisualEffectGraphs":true,"m_FxEnabled":true},"in2DMode":false,"pivot":{"x":-0.3905332088470459,"y":1.6216137409210206,"z":-1.8531279563903809},"rotation":{"x":-0.004537160973995924,"y":0.9815935492515564,"z":-0.18961268663406373,"w":-0.023571103811264039},"size":3.5028693675994875,"orthographic":false}